Name,Sequence,Tm,GC,Length
Phy_Q106W_Fwd,ACCCTCTATGCGTGGGCCGATATCGAT,70,55,27
Phy_Q106W_Rev,ATCGATATCGGCCCACGCATAGAGGGT,70,55,27
Phy_Q106Y_Fwd,ACCCTCTATGCGTACGCCGATATCGAT,68,51,27
Phy_Q106Y_Rev,ATCGATATCGGCGTACGCATAGAGGGT,68,51,27
Phy_P19A_Fwd,ATCAGTGCTGCAGCAGTTGCTGCACCA,72,55,27
Phy_P19A_Rev,TGGTGCAGCAACTGCTGCAGCACTGAT,72,55,27
Phy_Q46T_Fwd,TCGCCGACGAAAACAACAGAGTTAATG,65,44,27
Phy_Q46T_Rev,CATTAACTCTGTTGTTTTCGTCGGCGA,65,44,27
Phy_G324A_Fwd,CTCCTTTTCCTTGCCGGTCATGATACC,67,51,27
Phy_G324A_Rev,GGTATCATGACCGGCAAGGAAAAGGAG,67,51,27
Phy_Q416P_Fwd,GACAAACTTTGCCCGCTTGATACCTTC,66,48,27
Phy_Q416P_Rev,GAAGGTATCAAGCGGGCAAAGTTTGTC,66,48,27
Phy_P19S_Fwd,ATCAGTGCTGCATCAGTTGCTGCACCA,70,51,27
Phy_P19S_Rev,TGGTGCAGCAACTGATGCAGCACTGAT,70,51,27
Phy_V266Q_Fwd,GCGGAAAATTGGCAATCATTATTATCG,61,37,27
Phy_V266Q_Rev,CGATAATAATGATTGCCAATTTTCCGC,61,37,27
Phy_V302D_Fwd,GTGACGGCGCTAGACCTTCAGCGTAAG,70,59,27
Phy_V302D_Rev,CTTACGCTGAAGGTCTAGCGCCGTCAC,70,59,27
Phy_G240A_Fwd,TCATCCACATTGGCTGAAATCTTCTTG,63,40,27
Phy_G240A_Rev,CAAGAAGATTTCAGCCAATGTGGATGA,63,40,27
Phy_P19T_Fwd,ATCAGTGCTGCAACAGTTGCTGCACCA,71,51,27
Phy_P19T_Rev,TGGTGCAGCAACTGTTGCAGCACTGAT,71,51,27
Phy_Q416S_Fwd,GACAAACTTTGCTCGCTTGATACCTTC,64,44,27
Phy_Q416S_Rev,GAAGGTATCAAGCGAGCAAAGTTTGTC,64,44,27
Phy_Q46S_Fwd,TCGCCGACGAAATCAACAGAGTTAATG,65,44,27
Phy_Q46S_Rev,CATTAACTCTGTTGATTTCGTCGGCGA,65,44,27
Phy_A65L_Fwd,TGGCCGGTACCACTGGGGTATTTAACC,70,55,27
Phy_A65L_Rev,GGTTAAATACCCCAGTGGTACCGGCCA,70,55,27
Phy_P19V_Fwd,ATCAGTGCTGCAGTAGTTGCTGCACCA,70,51,27
Phy_P19V_Rev,TGGTGCAGCAACTACTGCAGCACTGAT,70,51,27
Phy_F210L_Fwd,AAATCCTGTGATCTTGCCACCTTTGCT,66,44,27
Phy_F210L_Rev,AGCAAAGGTGGCAAGATCACAGGATTT,66,44,27
Phy_R31K_Fwd,TACACTTTGGAGAAAGTGGTTATCTTG,60,37,27
Phy_R31K_Rev,CAAGATAACCACTTTCTCCAAAGTGTA,60,37,27
Phy_T225D_Fwd,AATCAGCAGGGGGACAAGGTATCGCTC,70,55,27
Phy_T225D_Rev,GAGCGATACCTTGTCCCCCTGCTGATT,70,55,27
Phy_H433Q_Fwd,GAACCTGCATGCCAAATTCTCGAGCAC,68,51,27
Phy_H433Q_Rev,GTGCTCGAGAATTTGGCATGCAGGTTC,68,51,27
Phy_Q416A_Fwd,GACAAACTTTGCGCGCTTGATACCTTC,66,48,27
Phy_Q416A_Rev,GAAGGTATCAAGCGCGCAAAGTTTGTC,66,48,27
Phy_V302S_Fwd,GTGACGGCGCTATCGCTTCAGCGTAAG,71,59,27
Phy_V302S_Rev,CTTACGCTGAAGCGATAGCGCCGTCAC,71,59,27
Phy_V302N_Fwd,GTGACGGCGCTAAACCTTCAGCGTAAG,69,55,27
Phy_V302N_Rev,CTTACGCTGAAGGTTTAGCGCCGTCAC,69,55,27
Phy_K289N_Fwd,ATCGCCCGTCATAACGGAACTCCGTTG,70,55,27
Phy_K289N_Rev,CAACGGAGTTCCGTTATGACGGGCGAT,70,55,27
Phy_G7A_Fwd,TTAACTGCACTGGCCTTAATGCTAGGT,65,44,27
Phy_G7A_Rev,ACCTAGCATTAAGGCCAGTGCAGTTAA,65,44,27
Phy_M380L_Fwd,TTCTATCAAACACTGGATCAGTTACGA,61,37,27
Phy_M380L_Rev,TCGTAACTGATCCAGTGTTTGATAGAA,61,37,27
Phy_M9L_Fwd,GCACTGGGCTTACTGCTAGGTAGTTTT,66,48,27
Phy_M9L_Rev,AAAACTACCTAGCAGTAAGCCCAGTGC,66,48,27
Phy_V302G_Fwd,GTGACGGCGCTAGGGCTTCAGCGTAAG,72,62,27
Phy_V302G_Rev,CTTACGCTGAAGCCCTAGCGCCGTCAC,72,62,27
Phy_D52Q_Fwd,GAGTTAATGAATCAAGTCACACCGGAT,62,40,27
Phy_D52Q_Rev,ATCCGGTGTGACTTGATTCATTAACTC,62,40,27
Phy_Q106H_Fwd,ACCCTCTATGCGCACGCCGATATCGAT,71,55,27
Phy_Q106H_Rev,ATCGATATCGGCGTGCGCATAGAGGGT,71,55,27
Phy_A339M_Fwd,GGTATGCTAGGAATGAACTGGCAGCTA,65,48,27
Phy_A339M_Rev,TAGCTGCCAGTTCATTCCTAGCATACC,65,48,27
Phy_P364N_Fwd,CTATGGCAGAATAACGATAACCATCAG,61,40,27
Phy_P364N_Rev,CTGATGGTTATCGTTATTCTGCCATAG,61,40,27
Phy_G324V_Fwd,CTCCTTTTCCTTGTCGGTCATGATACC,64,48,27
Phy_G324V_Rev,GGTATCATGACCGACAAGGAAAAGGAG,64,48,27
Phy_G240S_Fwd,TCATCCACATTGAGTGAAATCTTCTTG,61,37,27
Phy_G240S_Rev,CAAGAAGATTTCACTCAATGTGGATGA,61,37,27
Phy_Q46A_Fwd,TCGCCGACGAAAGCAACAGAGTTAATG,67,48,27
Phy_Q46A_Rev,CATTAACTCTGTTGCTTTCGTCGGCGA,67,48,27
Phy_Q416T_Fwd,GACAAACTTTGCACGCTTGATACCTTC,64,44,27
Phy_Q416T_Rev,GAAGGTATCAAGCGTGCAAAGTTTGTC,64,44,27
Phy_L303P_Fwd,ACGGCGCTAGTGCCTCAGCGTAAGGGG,75,66,27
Phy_L303P_Rev,CCCCTTACGCTGAGGCACTAGCGCCGT,75,66,27
Phy_S386A_Fwd,CAGTTACGAAATGCTGAAAAGTTAGAC,60,37,27
Phy_S386A_Rev,GTCTAACTTTTCAGCATTTCGTAACTG,60,37,27
Phy_T225N_Fwd,AATCAGCAGGGGAACAAGGTATCGCTC,68,51,27
Phy_T225N_Rev,GAGCGATACCTTGTTCCCCTGCTGATT,68,51,27
Phy_Q46N_Fwd,TCGCCGACGAAAAACACAGAGTTAATG,65,44,27
Phy_Q46N_Rev,CATTAACTCTGTGTTTTTCGTCGGCGA,65,44,27
Phy_I124L_Fwd,TTCCTTGATGGCCTAGCTCCGGGGTGC,74,62,27
Phy_I124L_Rev,GCACCCCGGAGCTAGGCCATCAAGGAA,74,62,27
Phy_T160A_Fwd,GATTCGACACAAGCCCATAGGGCCATT,68,51,27
Phy_T160A_Rev,AATGGCCCTATGGGCTTGTGTCGAATC,68,51,27
Phy_F213L_Fwd,GATTTTGCCACCCTTGCTGCCAATGAA,68,48,27
Phy_F213L_Rev,TTCATTGGCAGCAAGGGTGGCAAAATC,68,48,27
Phy_T193P_Fwd,ATTCTCAATTTCCCTGCTTCCCCCTAT,65,44,27
Phy_T193P_Rev,ATAGGGGGAAGCAGGGAAATTGAGAAT,65,44,27
Phy_K139D_Fwd,CAGGCTGATTTGGACAAGGTTGATCCA,66,48,27
Phy_K139D_Rev,TGGATCAACCTTGTCCAAATCAGCCTG,66,48,27
Phy_D52E_Fwd,GAGTTAATGAATGAAGTCACACCGGAT,62,40,27
Phy_D52E_Rev,ATCCGGTGTGACTTCATTCATTAACTC,62,40,27
Phy_F13L_Fwd,ATGCTAGGTAGTCTTGCGATCAGTGCT,67,48,27
Phy_F13L_Rev,AGCACTGATCGCAAGACTACCTAGCAT,67,48,27
Phy_V302A_Fwd,GTGACGGCGCTAGCGCTTCAGCGTAAG,73,62,27
Phy_V302A_Rev,CTTACGCTGAAGCGCTAGCGCCGTCAC,73,62,27
Phy_V266A_Fwd,GCGGAAAATTGGGCCTCATTATTATCG,64,44,27
Phy_V266A_Rev,CGATAATAATGAGGCCCAATTTTCCGC,64,44,27
Phy_H433L_Fwd,GAACCTGCATGCCTTATTCTCGAGCAC,67,51,27
Phy_H433L_Rev,GTGCTCGAGAATAAGGCATGCAGGTTC,67,51,27
Phy_H433V_Fwd,GAACCTGCATGCGTTATTCTCGAGCAC,67,51,27
Phy_H433V_Rev,GTGCTCGAGAATAACGCATGCAGGTTC,67,51,27
Phy_F183L_Fwd,TATGCTAAGCCACTTGCCCAGATGGGC,70,55,27
Phy_F183L_Rev,GCCCATCTGGGCAAGTGGCTTAGCATA,70,55,27
Phy_G309P_Fwd,CGTAAGGGGCAACCCCAAACTTTGCCA,71,55,27
Phy_G309P_Rev,TGGCAAAGTTTGGGGTTGCCCCTTACG,71,55,27
Phy_V266P_Fwd,GCGGAAAATTGGCCCTCATTATTATCG,64,44,27
Phy_V266P_Rev,CGATAATAATGAGGGCCAATTTTCCGC,64,44,27
Phy_I15V_Fwd,GGTAGTTTTGCGGTCAGTGCTGCACCA,71,55,27
Phy_I15V_Rev,TGGTGCAGCACTGACCGCAAAACTACC,71,55,27
Phy_R305A_Fwd,CTAGTGCTTCAGGCTAAGGGGCAAGGC,70,59,27
Phy_R305A_Rev,GCCTTGCCCCTTAGCCTGAAGCACTAG,70,59,27
Phy_N89A_Fwd,GATTATTTCCGCGCTCAAGGATTGCTC,66,48,27
Phy_N89A_Rev,GAGCAATCCTTGAGCGCGGAAATAATC,66,48,27
Phy_G7C_Fwd,TTAACTGCACTGTGCTTAATGCTAGGT,64,40,27
Phy_G7C_Rev,ACCTAGCATTAAGCACAGTGCAGTTAA,64,40,27
Phy_G187Q_Fwd,TTTGCCCAGATGCAAGAGATTCTCAAT,64,40,27
Phy_G187Q_Rev,ATTGAGAATCTCTTGCATCTGGGCAAA,64,40,27
Phy_A339V_Fwd,GGTATGCTAGGAGTCAACTGGCAGCTA,67,51,27
Phy_A339V_Rev,TAGCTGCCAGTTGACTCCTAGCATACC,67,51,27
Phy_G7L_Fwd,TTAACTGCACTGCTCTTAATGCTAGGT,63,40,27
Phy_G7L_Rev,ACCTAGCATTAAGAGCAGTGCAGTTAA,63,40,27
Phy_H161T_Fwd,TCGACACAAACCACTAGGGCCATTGAG,68,51,27
Phy_H161T_Rev,CTCAATGGCCCTAGTGGTTTGTGTCGA,68,51,27
Phy_H161R_Fwd,TCGACACAAACCCGTAGGGCCATTGAG,70,55,27
Phy_H161R_Rev,CTCAATGGCCCTACGGGTTTGTGTCGA,70,55,27
Phy_I15A_Fwd,GGTAGTTTTGCGGCCAGTGCTGCACCA,73,59,27
Phy_I15A_Rev,TGGTGCAGCACTGGCCGCAAAACTACC,73,59,27
Phy_T193A_Fwd,ATTCTCAATTTCGCTGCTTCCCCCTAT,66,44,27
Phy_T193A_Rev,ATAGGGGGAAGCAGCGAAATTGAGAAT,66,44,27
Phy_G309A_Fwd,CGTAAGGGGCAAGCCCAAACTTTGCCA,71,55,27
Phy_G309A_Rev,TGGCAAAGTTTGGGCTTGCCCCTTACG,71,55,27
Phy_V141M_Fwd,GATTTGAAAAAGATGGATCCACTGTTT,59,33,27
Phy_V141M_Rev,AAACAGTGGATCCATCTTTTTCAAATC,59,33,27
Phy_V266S_Fwd,GCGGAAAATTGGAGCTCATTATTATCG,62,40,27
Phy_V266S_Rev,CGATAATAATGAGCTCCAATTTTCCGC,62,40,27
Phy_T225E_Fwd,AATCAGCAGGGGGAAAAGGTATCGCTC,68,51,27
Phy_T225E_Rev,GAGCGATACCTTTTCCCCCTGCTGATT,68,51,27
Phy_V266K_Fwd,GCGGAAAATTGGAAATCATTATTATCG,58,33,27
Phy_V266K_Rev,CGATAATAATGATTTCCAATTTTCCGC,58,33,27
Phy_V298A_Fwd,TTGCAACAGATTGCGACGGCGCTAGTG,71,55,27
Phy_V298A_Rev,CACTAGCGCCGTCGCAATCTGTTGCAA,71,55,27
Phy_H433K_Fwd,GAACCTGCATGCAAAATTCTCGAGCAC,66,48,27
Phy_H433K_Rev,GTGCTCGAGAATTTTGCATGCAGGTTC,66,48,27
Phy_I15L_Fwd,GGTAGTTTTGCGCTCAGTGCTGCACCA,71,55,27
Phy_I15L_Rev,TGGTGCAGCACTGAGCGCAAAACTACC,71,55,27
Phy_H433A_Fwd,GAACCTGCATGCGCTATTCTCGAGCAC,69,55,27
Phy_H433A_Rev,GTGCTCGAGAATAGCGCATGCAGGTTC,69,55,27
Phy_N51Q_Fwd,ACAGAGTTAATGCAAGATGTCACACCG,64,44,27
Phy_N51Q_Rev,CGGTGTGACATCTTGCATTAACTCTGT,64,44,27
Phy_K226G_Fwd,CAGCAGGGGACAGGGGTATCGCTCAGT,73,62,27
Phy_K226G_Rev,ACTGAGCGATACCCCTGTCCCCTGCTG,73,62,27
Phy_K422Q_Fwd,GATACCTTCCAACAGAGAGTGGCTCAG,66,51,27
Phy_K422Q_Rev,CTGAGCCACTCTCTGTTGGAAGGTATC,66,51,27
Phy_E149K_Fwd,TTTCACCCCGTCAAAGCCGGTGTGTGT,72,55,27
Phy_E149K_Rev,ACACACACCGGCTTTGACGGGGTGAAA,72,55,27
Phy_N247Q_Fwd,TTCTTGCTACAACAATCGCAAGGGATG,65,44,27
Phy_N247Q_Rev,CATCCCTTGCGATTGTTGTAGCAAGAA,65,44,27
Phy_T411A_Fwd,GAGAACATCGGTGCAGACAAACTTTGC,66,48,27
Phy_T411A_Rev,GCAAAGTTTGTCTGCACCGATGTTCTC,66,48,27
Phy_A339F_Fwd,GGTATGCTAGGATTCAACTGGCAGCTA,65,48,27
Phy_A339F_Rev,TAGCTGCCAGTTGAATCCTAGCATACC,65,48,27
Phy_L303A_Fwd,ACGGCGCTAGTGGCTCAGCGTAAGGGG,75,66,27
Phy_L303A_Rev,CCCCTTACGCTGAGCCACTAGCGCCGT,75,66,27
Phy_K306Q_Fwd,GTGCTTCAGCGTCAGGGGCAAGGCCAA,75,62,27
Phy_K306Q_Rev,TTGGCCTTGCCCCTGACGCTGAAGCAC,75,62,27
Phy_G7S_Fwd,TTAACTGCACTGAGCTTAATGCTAGGT,63,40,27
Phy_G7S_Rev,ACCTAGCATTAAGCTCAGTGCAGTTAA,63,40,27
Phy_G355A_Fwd,CCGCCGGGTGGGGCGCTGGTGTTTGAA,79,70,27
Phy_G355A_Rev,TTCAAACACCAGCGCCCCACCCGGCGG,79,70,27
Phy_Q304G_Fwd,GCGCTAGTGCTTGGGCGTAAGGGGCAA,74,62,27
Phy_Q304G_Rev,TTGCCCCTTACGCCCAAGCACTAGCGC,74,62,27
Phy_T25S_Fwd,GCTGCACCAGTGTCGGGTTACACTTTG,69,55,27
Phy_T25S_Rev,CAAAGTGTAACCCGACACTGGTGCAGC,69,55,27
Phy_N221K_Fwd,GAAGTTAAGGTGAAACAGCAGGGGACA,66,48,27
Phy_N221K_Rev,TGTCCCCTGCTGTTTCACCTTAACTTC,66,48,27
Phy_F82Y_Fwd,CTGATGGGCGGCTACTATGGTGATTAT,65,48,27
Phy_F82Y_Rev,ATAATCACCATAGTAGCCGCCCATCAG,65,48,27
Phy_N89K_Fwd,GATTATTTCCGCAAACAAGGATTGCTC,62,40,27
Phy_N89K_Rev,GAGCAATCCTTGTTTGCGGAAATAATC,62,40,27
Phy_Q106R_Fwd,ACCCTCTATGCGCGAGCCGATATCGAT,70,55,27
Phy_Q106R_Rev,ATCGATATCGGCTCGCGCATAGAGGGT,70,55,27
Phy_L201Q_Fwd,TATTGCAAGTCACAACAGCAACAAGGA,64,40,27
Phy_L201Q_Rev,TCCTTGTTGCTGTTGTGACTTGCAATA,64,40,27
Phy_N221S_Fwd,GAAGTTAAGGTGAGTCAGCAGGGGACA,67,51,27
Phy_N221S_Rev,TGTCCCCTGCTGACTCACCTTAACTTC,67,51,27
Phy_V266H_Fwd,GCGGAAAATTGGCACTCATTATTATCG,62,40,27
Phy_V266H_Rev,CGATAATAATGAGTGCCAATTTTCCGC,62,40,27
Phy_G11A_Fwd,GGCTTAATGCTAGCTAGTTTTGCGATC,63,44,27
Phy_G11A_Rev,GATCGCAAAACTAGCTAGCATTAAGCC,63,44,27
Phy_T4L_Fwd,ATGCGATTACTTGCACTGGGCTTA,64,45,24
Phy_T4L_Rev,TAAGCCCAGTGCAAGTAATCGCAT,64,45,24
Phy_D365Q_Fwd,TGGCAGAATCCACAAAACCATCAGCAA,67,44,27
Phy_D365Q_Rev,TTGCTGATGGTTTTGTGGATTCTGCCA,67,44,27
