Name,Sequence,Tm,GC,Length,Well
Phy_F190Y_Fwd,gatgttagcaccTACgaagaagtgctg,65,48,27,A1
Phy_V124F_Fwd,gttaaagaggatTTCttcacctggcgt,64,44,27,A2
Phy_V140T_Fwd,atttttgattatACGttcttctgtgca,59,29,27,A3
Phy_L55A_Fwd,cgtgcaaccccgGCAattgtgcatctg,72,59,27,A4
Phy_V124Y_Fwd,gttaaagaggatTACttcacctggcgt,64,44,27,A5
Phy_Y116N_Fwd,ccgaaagcagaaAACtttagctttgtt,62,37,27,A6
Phy_V178E_Fwd,attaccgatcatGAAggtggcccgccg,72,59,27,A7
Phy_P212E_Fwd,ccgcatgccattGAAacccgtaaaggt,69,51,27,A8
Phy_S156R_Fwd,gcatgggcaaaaAGAatgtatgaactg,63,40,27,A9
Phy_M84I_Fwd,gatgtggttgccATAgccagtccggaa,70,55,27,A10
Phy_Y116R_Fwd,ccgaaagcagaaAGAtttagctttgtt,62,37,27,A11
Phy_S156Q_Fwd,gcatgggcaaaaCAAatgtatgaactg,63,40,27,A12
Phy_A24R_Fwd,ccggaagaagttAGAacctttctgcat,64,44,27,B1
Phy_H209L_Fwd,gaagaaaatccgCTAgccattccgacc,67,51,27,B2
Phy_L55V_Fwd,cgtgcaaccccgGTAattgtgcatctg,70,55,27,B3
Phy_L55P_Fwd,cgtgcaaccccgCCAattgtgcatctg,72,59,27,B4
Phy_Y116K_Fwd,ccgaaagcagaaAAAtttagctttgtt,60,33,27,B5
Phy_N105R_Fwd,ctggcaaaagccAGAgaaacctatggt,66,48,27,B6
Phy_M84V_Fwd,gatgtggttgccGTAgccagtccggaa,72,59,27,B7
Phy_Y158A_Fwd,gcaaaaagtatgGCAgaactgctgaaa,64,40,27,B8
Phy_L55S_Fwd,cgtgcaaccccgAGCattgtgcatctg,72,59,27,B9
Phy_Y116Q_Fwd,ccgaaagcagaaCAAtttagctttgtt,62,37,27,B10
Phy_Y158S_Fwd,gcaaaaagtatgAGCgaactgctgaaa,64,40,27,B11
Phy_G77R_Fwd,ccgggttgcggtAGAggtcatgatgtg,70,59,27,B12
Phy_A210S_Fwd,gaaaatccgcatAGCattccgacccgt,69,51,27,C1
Phy_A24K_Fwd,ccggaagaagttAAAacctttctgcat,63,40,27,C2
Phy_C39A_Fwd,ggttgggaaaaaGCAtgggaagaagaa,65,44,27,C3
Phy_N105K_Fwd,ctggcaaaagccAAAgaaacctatggt,65,44,27,C4
Phy_V178P_Fwd,attaccgatcatCCAggtggcccgccg,74,62,27,C5
Phy_K184A_Fwd,ggcccgccgtatGCAgttgatgttagc,71,59,27,C6
Phy_T107L_Fwd,aaagccaatgaaCTAtatggtagcagt,61,37,27,C7
Phy_S111H_Fwd,acctatggtagcCACccgaaagcagaa,69,51,27,C8
Phy_T175D_Fwd,atgtatccgattGACgatcatgttggt,63,40,27,C9
Phy_T25A_Fwd,gaagaagttgcaGCAtttctgcataaa,62,37,27,C10
Phy_V178D_Fwd,attaccgatcatGACggtggcccgccg,74,62,27,C11
Phy_S63G_Fwd,ctggtggataccGGAagcctgccgctg,74,66,27,C12
Phy_M84L_Fwd,gatgtggttgccCTAgccagtccggaa,72,59,27,D1
Phy_F117I_Fwd,aaagcagaatatATAagctttgttaaa,54,22,27,D2
Phy_F26L_Fwd,gaagttgcaaccCTActgcataaaacc,64,44,27,D3
Phy_L55T_Fwd,cgtgcaaccccgACAattgtgcatctg,70,55,27,D4
Phy_D9S_Fwd,cagcagaatagtAGCcagagtaatggc,64,48,27,D5
Phy_S99T_Fwd,gatattagtgaaACAgccctggcaaaa,63,40,27,D6
Phy_S156K_Fwd,gcatgggcaaaaAAAatgtatgaactg,61,37,27,D7
Phy_E148S_Fwd,gcaatcgaaccgAGCatgcgcccggca,77,66,27,D8
Phy_T189A_Fwd,gttgatgttagcGCAtttgaagaagtg,62,40,27,D9
Phy_T107R_Fwd,aaagccaatgaaAGAtatggtagcagt,62,37,27,D10
Phy_L55G_Fwd,cgtgcaaccccgGGAattgtgcatctg,72,59,27,D11
Phy_T25E_Fwd,gaagaagttgcaGAAtttctgcataaa,60,33,27,D12
Phy_K215E_Fwd,attccgacccgtGAAggtaaagaaaaa,64,40,27,E1
Phy_E206D_Fwd,gtgagcgtggaaGACaatccgcatgcc,71,59,27,E2
Phy_H79Y_Fwd,tgcggtggtggtTACgatgtggttgcc,73,59,27,E3
Phy_Y116S_Fwd,ccgaaagcagaaAGCtttagctttgtt,64,40,27,E4
Phy_E43G_Fwd,tgctgggaagaaGGAattaccccgtgg,70,55,27,E5
Phy_T213G_Fwd,catgccattccgGGAcgtaaaggtaaa,66,48,27,E6
Phy_T30G_Fwd,tttctgcataaaGGAgttgaagaaggc,63,40,27,E7
Phy_D61E_Fwd,gtgcatctggtgGAAaccagcagcctg,71,59,27,E8
Phy_T107K_Fwd,aaagccaatgaaAAAtatggtagcagt,61,33,27,E9
Phy_Y116L_Fwd,ccgaaagcagaaCTAtttagctttgtt,61,37,27,E10
Phy_T175E_Fwd,atgtatccgattGAAgatcatgttggt,61,37,27,E11
Phy_H28K_Fwd,gcaacctttctgAAAaaaaccgttgaa,62,37,27,E12
Phy_L67K_Fwd,agcagcctgccgAAAggtcgcgcctta,76,62,27,F1
Phy_D9T_Fwd,cagcagaatagtACAcagagtaatggc,62,44,27,F2
Phy_I17K_Fwd,ggcggtaatgtgAAAccgaccccggaa,72,59,27,F3
Phy_K113N_Fwd,ggtagcagtccgAACgcagaatatttt,65,44,27,F4
Phy_H209D_Fwd,gaagaaaatccgGACgccattccgacc,69,55,27,F5
Phy_T213P_Fwd,catgccattccgCCAcgtaaaggtaaa,67,48,27,F6
Phy_H58E_Fwd,ccgctgattgtgGAActggtggatacc,69,55,27,F7
Phy_I56L_Fwd,gcaaccccgctgCTAgtgcatctggtg,73,62,27,F8
Phy_L55I_Fwd,cgtgcaaccccgATAattgtgcatctg,68,51,27,F9
Phy_K184S_Fwd,ggcccgccgtatAGCgttgatgttagc,71,59,27,F10
Phy_A24Q_Fwd,ccggaagaagttCAAacctttctgcat,65,44,27,F11
Phy_H209N_Fwd,gaagaaaatccgAACgccattccgacc,67,51,27,F12
Phy_H209E_Fwd,gaagaaaatccgGAAgccattccgacc,67,51,27,G1
Phy_V204I_Fwd,aaagccgtgagcATAgaagaaaatccg,65,44,27,G2
Phy_E43K_Fwd,tgctgggaagaaAAAattaccccgtgg,67,48,27,G3
Phy_V124L_Fwd,gttaaagaggatCTAttcacctggcgt,64,44,27,G4
Phy_F26I_Fwd,gaagttgcaaccATActgcataaaacc,62,40,27,G5
Phy_Y158N_Fwd,gcaaaaagtatgAACgaactgctgaaa,62,37,27,G6
Phy_A102K_Fwd,gaaagcgccctgAAAaaagccaatgaa,66,44,27,G7
Phy_D9Q_Fwd,cagcagaatagtCAAcagagtaatggc,63,44,27,G8
Phy_I17P_Fwd,ggcggtaatgtgCCAccgaccccggaa,76,66,27,G9
Phy_E41Q_Fwd,gaaaaatgctggCAAgaagaaattacc,61,37,27,G10
Phy_V140S_Fwd,atttttgattatTCGttcttctgtgca,59,29,27,G11
Phy_P20R_Fwd,gtgattccgaccAGAgaagaagttgca,66,48,27,G12
Phy_S156T_Fwd,gcatgggcaaaaACAatgtatgaactg,63,40,27,H1
Phy_Y172F_Fwd,attaccctgatgTTCccgattaccgat,65,44,27,H2
Phy_D164G_Fwd,ctgctgaaaccgGGAggcgaactgatt,70,55,27,H3
Phy_Y116H_Fwd,ccgaaagcagaaCACtttagctttgtt,63,40,27,H4
Phy_K113H_Fwd,ggtagcagtccgCACgcagaatatttt,67,48,27,H5
Phy_F137Y_Fwd,tttgatctgattTACgattatGTGttc,57,29,27,H6
